date,temperature,pH,oxygen,permanganate,NH,TP,TN,conductivity,turbidity,chla,density
2021-1-1 0:00,4.6,8.2,12.34,6.13,0.089,0.127,1.52,460.3,148.3,0.001,9183910.0
2021-1-1 4:00,4.4,8.19,12.36,6.3,0.034,0.172,1.0,427.2,176.9,0.002,9647630.0
2021-1-1 8:00,4.2,8.23,12.35,5.25,0.156,0.085,1.88,498.3,108.6,0.001,5592200.0
2021-1-1 12:00,4.5,8.23,12.42,5.36,0.166,0.095,1.94,494.7,111.2,0.001,5602850.0
2021-1-1 16:00,5.0,8.22,12.38,5.79,0.036,0.107,1.04,422.5,137.6,0.001,6118320.0
2021-1-1 20:00,4.6,8.19,12.16,5.41,0.051,0.101,1.08,427.6,111.7,0.001,2049430.0
2021-1-2 0:00,4.8,8.07,11.42,5.08,0.061,0.027,1.12,427.8,87.9,0.001,1645330.0
2021-1-2 4:00,4.8,8.03,10.96,5.31,0.026,-1.0,0.94,418.3,90.1,0.001,1618550.0
2021-1-2 8:00,4.8,8.0,11.11,5.31,0.039,0.064,0.9,392.7,104.8,0.002,2244440.0
2021-1-2 12:00,5.2,8.01,11.26,5.06,0.048,0.069,0.92,396.1,92.5,0.002,2011230.0
2021-1-2 16:00,6.4,8.16,12.28,4.51,0.137,0.059,1.76,399.4,82.7,0.002,2305630.0
2021-1-2 20:00,5.4,8.19,12.55,4.92,0.075,0.044,1.24,420.6,75.5,0.001,1940600.0
2021-1-3 0:00,5.0,8.19,12.27,4.92,0.063,0.044,1.24,419.5,77.7,0.001,1643140.0
2021-1-3 4:00,5.1,8.17,12.3,4.84,0.062,0.064,1.11,418.2,75.1,0.001,3109600.0
2021-1-3 8:00,5.0,8.17,12.36,4.79,0.062,0.058,1.06,415.5,76.6,0.001,1521940.0
2021-1-3 12:00,5.4,8.18,12.37,4.77,0.067,0.066,0.99,415.4,73.8,0.001,1686160.0
2021-1-3 16:00,5.8,8.22,12.45,4.33,0.112,0.054,1.43,455.7,48.9,0.001,1040420.0
2021-1-3 20:00,5.8,8.23,12.44,4.37,0.147,0.061,1.7,467.7,43.8,0.001,1005750.0
2021-1-4 0:00,5.8,8.24,12.42,4.37,0.161,0.061,1.7,485.8,38.0,0.002,1013810.0
2021-1-4 4:00,5.7,8.25,12.42,4.38,0.161,0.045,1.96,490.2,35.9,0.002,6216210.0
2021-1-4 8:00,5.5,8.24,12.31,4.37,0.159,0.049,1.75,479.3,32.9,0.001,870321.0
2021-1-4 12:00,5.7,8.24,12.28,4.26,0.145,0.06,1.67,462.8,36.1,0.001,769574.0
2021-1-4 16:00,5.9,8.22,12.2,4.28,0.129,0.049,1.52,455.4,35.7,0.001,845581.0
2021-1-4 20:00,6.0,8.24,12.43,4.29,0.149,0.046,1.71,468.5,28.5,0.002,693724.0
2021-1-5 0:00,6.1,8.25,12.4,4.29,0.155,0.045,1.74,469.4,27.0,0.002,840430.0
2021-1-5 4:00,6.1,8.24,12.37,4.27,0.154,0.055,1.74,469.5,27.2,0.002,2276330.0
2021-1-5 8:00,6.2,8.22,12.34,4.18,0.132,0.049,1.57,457.2,34.3,0.001,1003530.0
2021-1-5 12:00,6.3,8.21,12.33,4.45,0.127,0.057,1.6,455.9,52.4,0.001,1105320.0
2021-1-5 16:00,6.5,8.2,12.31,4.68,0.116,0.057,1.49,449.0,52.5,0.001,1337290.0
2021-1-5 20:00,6.4,8.23,12.32,5.03,0.131,0.075,1.76,467.4,74.2,0.002,1764010.0
2021-1-6 0:00,6.3,8.24,12.29,5.03,0.148,0.075,1.76,477.2,65.2,0.002,1619920.0
2021-1-6 4:00,6.3,8.25,12.26,4.79,0.155,0.062,1.97,488.8,61.9,0.002,1546470.0
2021-1-6 8:00,6.3,8.25,12.18,4.7,0.154,0.064,1.97,492.2,51.3,0.002,1519160.0
2021-1-6 12:00,6.3,8.25,12.17,4.46,0.152,0.058,1.94,481.9,42.7,0.002,1266610.0
2021-1-6 16:00,6.3,8.25,12.15,4.08,0.16,0.049,1.9,481.4,36.0,0.002,802856.0
2021-1-6 20:00,6.3,8.2,12.13,4.63,0.167,0.068,1.96,487.4,53.1,0.002,1233250.0
2021-1-7 0:00,6.0,8.18,12.08,4.63,0.095,0.068,1.31,433.3,99.4,0.001,2142190.0
2021-1-7 4:00,5.8,8.18,12.14,5.65,0.096,0.117,1.52,446.4,111.8,0.002,2509360.0
2021-1-7 8:00,5.3,8.19,12.21,5.95,0.11,0.131,1.68,461.4,133.5,0.002,-1.0
2021-1-7 12:00,5.1,8.25,12.37,5.85,0.125,0.085,2.28,513.4,135.3,0.003,-1.0
2021-1-7 16:00,4.9,8.26,12.43,6.23,-1.0,-1.0,2.26,512.3,150.1,0.003,-1.0
2021-1-7 20:00,4.4,8.28,12.5,5.98,0.107,-1.0,2.1,514.5,145.4,0.004,-1.0
2021-1-8 0:00,3.9,8.27,12.58,5.98,-1.0,-1.0,2.06,510.6,159.6,0.005,-1.0
2021-1-8 4:00,3.4,8.27,12.69,5.97,0.09,-1.0,2.19,521.3,154.4,0.003,-1.0
2021-1-8 8:00,2.9,8.27,12.78,6.34,0.111,0.136,2.0,508.8,174.3,0.003,-1.0
2021-1-8 12:00,3.0,8.24,12.91,6.16,-1.0,0.11,1.52,466.9,186.9,0.002,-1.0
2021-1-8 16:00,3.3,8.23,12.92,6.83,0.081,0.138,1.97,516.5,191.5,0.003,-1.0
2021-1-8 20:00,3.0,8.27,12.96,6.13,-1.0,-1.0,2.1,519.9,142.3,0.004,-1.0
2021-1-9 0:00,2.8,8.26,13.02,6.13,0.104,0.025,1.95,510.7,141.7,0.003,1407170.0
2021-1-9 4:00,2.6,8.26,13.0,6.25,-1.0,0.038,2.0,512.0,146.3,0.004,-1.0
2021-1-9 8:00,2.4,8.25,13.05,6.25,0.089,0.111,2.08,500.0,142.8,0.004,1590120.0
2021-1-9 12:00,2.7,8.26,13.1,5.94,0.096,0.094,1.82,487.3,132.9,0.003,-1.0
2021-1-9 16:00,3.2,8.24,13.12,5.51,0.106,0.089,1.67,469.8,108.3,0.002,-1.0
2021-1-9 20:00,3.0,8.25,13.09,5.48,0.107,0.011,1.64,470.0,94.3,0.003,-1.0
2021-1-10 0:00,2.9,8.27,13.13,5.48,0.088,-1.0,1.52,474.8,83.7,0.004,-1.0
2021-1-10 4:00,2.8,8.27,13.09,5.3,-1.0,0.069,1.84,476.6,73.3,0.004,-1.0
2021-1-10 8:00,2.7,8.29,13.07,5.23,0.079,0.037,1.99,483.3,64.6,0.005,-1.0
2021-1-10 12:00,3.0,8.34,13.12,5.31,0.06,0.049,2.07,499.9,56.7,0.006,-1.0
2021-1-10 16:00,3.4,8.36,13.28,5.41,0.06,0.036,2.21,504.2,56.0,0.008,-1.0
2021-1-10 20:00,3.3,8.37,13.27,5.3,0.054,0.013,2.26,510.4,50.1,0.008,-1.0
2021-1-11 0:00,3.3,8.36,13.27,5.3,0.075,0.005,2.33,508.9,48.1,0.009,-1.0
2021-1-11 4:00,3.1,8.35,13.14,5.32,0.088,-1.0,2.27,504.9,44.9,0.008,-1.0
2021-1-11 8:00,3.1,8.32,13.19,5.23,0.106,0.038,2.27,497.0,44.3,0.007,-1.0
2021-1-11 12:00,3.4,8.3,13.25,5.24,0.131,0.041,2.2,479.0,45.9,0.005,-1.0
2021-1-11 16:00,3.8,8.29,13.26,5.42,0.168,0.038,2.2,463.8,66.2,0.004,-1.0
2021-1-11 20:00,3.6,8.25,13.14,5.91,0.184,0.061,2.1,451.9,95.8,0.004,-1.0
2021-1-12 0:00,3.5,8.3,13.16,5.91,0.128,0.018,2.15,475.5,77.2,0.005,845178.0
2021-1-12 4:00,3.3,8.33,13.22,5.43,0.074,0.018,2.19,498.9,67.2,0.007,961206.0
2021-1-12 8:00,3.2,8.31,13.23,5.45,0.068,0.059,2.16,502.4,72.6,0.006,1148830.0
2021-1-12 12:00,3.6,8.28,13.18,5.45,0.084,0.059,2.04,494.2,84.1,0.004,1166890.0
2021-1-12 16:00,4.1,8.26,12.54,5.0,0.121,0.079,1.83,476.7,67.0,0.003,1183670.0
2021-1-12 20:00,4.0,8.27,12.65,5.15,0.117,0.058,1.87,476.8,64.6,0.003,1526890.0
2021-1-13 0:00,3.9,8.34,12.79,5.15,0.051,0.034,2.24,505.6,52.3,0.007,1896540.0
2021-1-13 4:00,3.8,8.26,12.62,4.94,0.118,0.063,1.98,482.3,53.8,0.003,1041360.0
2021-1-13 8:00,3.6,8.18,12.65,4.96,0.102,0.066,1.28,439.3,61.9,0.003,952111.0
2021-1-13 12:00,4.1,8.22,12.71,4.95,0.08,0.07,1.2,439.4,55.6,0.002,910272.0
2021-1-13 16:00,4.5,8.27,12.84,4.86,0.055,0.054,1.1,432.5,46.2,0.004,768386.0
2021-1-13 20:00,4.4,8.3,12.81,4.95,0.053,0.043,1.13,435.6,33.9,0.006,800254.0
2021-1-14 0:00,4.0,8.3,12.78,4.95,0.054,0.043,1.13,437.8,28.9,0.005,672276.0
2021-1-14 4:00,4.5,8.29,12.79,4.93,0.045,0.005,1.13,438.6,24.1,0.004,1241660.0
2021-1-14 8:00,4.6,8.29,12.74,4.65,0.055,0.036,1.18,436.0,23.0,0.006,684498.0
2021-1-14 12:00,4.8,8.35,12.99,4.74,0.056,0.045,1.17,436.4,21.8,0.005,595060.0
2021-1-14 16:00,5.6,8.38,13.19,4.64,0.054,0.042,1.26,437.0,24.6,0.004,609238.0
2021-1-14 20:00,5.0,8.26,12.67,4.56,0.093,0.039,1.42,449.2,26.4,0.003,286030.0
2021-1-15 0:00,5.1,8.32,12.93,4.56,0.064,0.046,1.36,454.8,26.6,0.004,897221.0
2021-1-15 4:00,5.0,8.32,12.86,4.6,0.052,0.032,1.3,448.8,23.6,0.005,574537.0
2021-1-15 8:00,5.2,8.37,13.06,4.7,0.038,0.036,1.09,433.6,20.1,0.005,729372.0
2021-1-15 12:00,6.2,8.42,13.22,4.62,0.041,0.04,1.12,433.8,18.0,0.003,601680.0
2021-1-15 16:00,6.7,8.47,13.58,4.73,0.065,0.042,1.24,434.2,15.2,0.005,547496.0
2021-1-15 20:00,5.9,8.25,12.62,5.0,0.087,0.052,1.48,448.4,32.2,0.004,643474.0
2021-1-16 0:00,5.9,8.24,12.54,4.99,0.085,0.054,1.45,438.5,62.2,0.004,1129840.0
2021-1-16 4:00,5.8,8.24,12.43,5.34,0.068,0.078,1.53,448.2,68.7,0.004,1408230.0
2021-1-16 8:00,5.7,8.27,12.38,-1.0,0.077,0.071,1.59,455.6,-1.0,0.005,1219910.0
2021-1-16 12:00,5.9,8.3,12.39,-1.0,0.096,0.061,1.63,462.3,-1.0,0.004,690403.0
2021-1-16 16:00,6.7,9.18,12.17,-1.0,0.075,0.061,1.63,2.1,-1.0,-1.0,1791620.0
2021-1-16 20:00,6.0,8.28,12.35,5.32,0.099,0.088,1.74,466.5,-1.0,0.004,1793880.0
2021-1-17 0:00,5.8,8.26,12.29,5.32,0.068,0.053,1.54,454.4,-1.0,0.004,1351900.0
2021-1-17 4:00,5.6,8.24,12.23,5.1,0.067,0.035,1.53,452.9,-1.0,0.004,1108460.0
2021-1-17 8:00,5.4,8.24,12.19,5.12,0.079,0.062,1.64,458.9,54.6,0.004,1367230.0
2021-1-17 12:00,5.8,8.28,12.18,4.98,0.109,0.06,2.03,474.7,46.9,0.003,743162.0
2021-1-17 16:00,6.2,8.28,12.25,4.96,0.123,0.058,2.1,472.4,43.0,0.003,541650.0
2021-1-17 20:00,6.0,8.27,12.16,5.04,0.176,0.049,2.27,467.4,36.7,0.003,573184.0
2021-1-18 0:00,5.8,8.25,12.12,5.23,0.278,0.05,2.46,464.0,48.1,0.003,825740.0
2021-1-18 4:00,5.6,8.26,12.09,5.04,0.255,0.035,2.39,464.7,40.9,0.003,698824.0
2021-1-18 8:00,5.5,8.27,12.1,5.16,0.37,0.065,2.68,465.0,38.6,0.003,779913.0
2021-1-18 12:00,5.9,8.28,12.18,5.03,0.37,0.067,2.64,464.1,40.5,0.003,698834.0
2021-1-18 16:00,6.5,8.32,12.29,5.02,0.356,0.065,2.6,456.2,31.6,0.003,591620.0
2021-1-18 20:00,6.2,8.28,12.12,4.91,0.31,0.057,2.16,440.2,33.5,0.003,491337.0
2021-1-19 0:00,6.0,8.26,12.09,4.92,0.306,0.045,2.14,437.3,31.5,0.002,407174.0
2021-1-19 4:00,5.9,8.22,12.0,4.71,0.296,0.058,2.03,433.1,31.1,0.002,376455.0
2021-1-19 8:00,5.8,8.19,11.99,4.74,0.272,0.048,1.93,426.8,28.9,0.002,390941.0
2021-1-19 12:00,6.3,8.18,12.03,4.85,0.24,0.065,1.68,417.8,43.9,0.002,791195.0
2021-1-19 16:00,6.7,8.21,12.09,5.06,0.254,0.072,1.88,423.9,45.3,0.002,715077.0
2021-1-19 20:00,6.7,8.21,11.99,5.25,0.258,0.08,1.93,424.0,57.6,0.002,1100250.0
2021-1-20 0:00,6.6,8.21,11.94,5.54,0.301,0.099,2.27,438.7,73.1,0.002,1046580.0
2021-1-20 4:00,6.7,8.26,11.93,5.4,0.085,0.092,1.75,460.1,67.5,0.003,1144690.0
2021-1-20 8:00,6.7,8.33,11.97,5.3,0.032,0.063,1.28,443.3,46.3,0.005,1059090.0
2021-1-20 12:00,7.3,8.37,12.05,5.18,0.033,0.056,1.02,434.6,32.8,-1.0,1062840.0
2021-1-20 16:00,7.8,-1.0,12.36,5.27,0.033,0.05,1.44,451.4,32.5,0.005,1121130.0
2021-1-20 20:00,7.6,-1.0,12.1,4.99,0.12,0.052,1.97,459.5,36.3,0.004,918344.0
2021-1-21 0:00,7.7,-1.0,11.98,5.03,0.115,0.053,1.9,458.9,36.9,0.004,805998.0
2021-1-21 4:00,7.7,-1.0,11.86,5.01,0.179,0.051,2.2,457.4,36.0,0.003,710499.0
2021-1-21 8:00,7.8,-1.0,11.84,4.85,0.165,0.05,2.11,459.2,31.4,0.004,879728.0
2021-1-21 12:00,8.1,-1.0,12.35,4.74,0.161,0.048,2.1,457.8,27.6,0.006,1262170.0
2021-1-21 16:00,8.5,-1.0,12.6,5.28,0.086,0.046,1.72,452.3,20.6,0.005,1120570.0
2021-1-21 20:00,8.5,-1.0,12.72,5.18,0.076,0.046,1.35,442.4,18.1,0.008,1471140.0
2021-1-22 0:00,8.5,-1.0,12.53,5.18,0.057,0.043,1.52,447.3,18.9,0.007,1278410.0
2021-1-22 4:00,8.4,-1.0,12.3,4.98,0.056,0.042,1.54,448.6,18.2,0.006,1131300.0
2021-1-22 8:00,8.3,-1.0,11.98,4.61,0.055,0.037,1.37,444.5,16.4,0.005,863279.0
2021-1-22 12:00,8.4,-1.0,11.91,5.06,0.046,0.036,1.16,434.5,15.6,0.005,271507.0
2021-1-22 16:00,8.5,-1.0,12.08,5.1,0.044,0.038,1.35,442.3,16.6,0.005,947587.0
2021-1-22 20:00,8.5,-1.0,11.92,4.75,0.048,0.038,1.35,441.6,15.3,0.005,798129.0
2021-1-23 0:00,8.5,-1.0,11.77,4.75,0.047,0.038,1.14,431.9,15.8,0.005,801438.0
2021-1-23 4:00,8.5,-1.0,11.73,4.71,0.051,0.034,0.94,441.3,13.8,0.005,676572.0
2021-1-23 8:00,8.5,-1.0,11.67,4.79,0.065,0.035,1.19,446.1,14.3,0.004,178577.0
2021-1-23 12:00,8.5,-1.0,11.79,5.02,0.06,0.039,1.57,445.7,22.4,0.005,489067.0
2021-1-23 16:00,8.6,-1.0,11.78,5.18,0.077,0.04,1.64,445.8,22.5,0.004,398511.0
2021-1-23 20:00,8.6,-1.0,11.76,4.88,0.074,0.04,1.57,445.0,16.5,0.006,986899.0
2021-1-24 0:00,8.4,-1.0,11.6,4.88,0.086,0.04,1.4,435.4,21.0,0.005,856854.0
2021-1-24 4:00,8.5,-1.0,11.53,4.89,0.093,0.041,1.7,447.8,19.4,0.005,927479.0
2021-1-24 8:00,8.4,-1.0,11.53,4.93,0.08,0.039,1.15,438.3,13.6,0.005,443823.0
2021-1-24 12:00,8.6,-1.0,11.9,5.47,0.081,0.043,1.6,445.3,13.4,0.005,514670.0
2021-1-24 16:00,9.8,-1.0,11.28,5.47,0.071,0.043,1.6,1.6,1.4,0.023,28959600.0
2021-1-24 20:00,8.7,-1.0,12.33,5.0,0.069,0.042,1.03,438.5,10.9,0.01,1527410.0
2021-1-25 0:00,8.6,-1.0,11.87,4.97,0.08,0.037,1.17,439.1,11.2,0.006,403102.0
2021-1-25 4:00,8.6,-1.0,11.76,5.01,0.085,0.037,1.17,438.4,8.5,0.005,304827.0
2021-1-25 8:00,8.6,-1.0,11.62,4.68,0.096,0.034,1.28,437.3,7.6,0.004,182790.0
2021-1-25 12:00,8.9,-1.0,11.87,4.87,0.087,0.035,1.18,439.0,6.8,0.003,132806.0
2021-1-25 16:00,9.2,-1.0,12.21,4.91,0.075,0.032,1.18,439.7,6.4,0.006,447423.0
2021-1-25 20:00,9.2,-1.0,12.14,4.91,0.069,0.032,1.18,438.8,6.3,0.007,586654.0
2021-1-26 8:00,8.9,-1.0,11.33,5.22,0.143,0.073,1.95,449.0,-1.0,0.003,530122.0
2021-1-26 12:00,8.8,-1.0,11.21,5.75,0.184,0.108,2.19,451.5,-1.0,0.002,923596.0
2021-1-26 16:00,8.7,-1.0,11.14,5.96,0.241,0.131,2.29,445.8,-1.0,0.002,1151110.0
2021-1-26 20:00,8.6,-1.0,11.1,5.65,0.245,0.109,2.23,444.9,-1.0,0.002,640068.0
2021-1-27 0:00,8.6,-1.0,11.18,5.65,0.217,0.081,2.28,456.9,-1.0,0.003,760113.0
2021-1-27 4:00,8.6,-1.0,11.14,5.21,0.222,0.066,2.27,460.8,50.8,0.003,593204.0
2021-1-27 8:00,8.5,-1.0,11.08,5.27,0.229,0.072,2.21,461.0,55.5,0.002,580348.0
2021-1-27 12:00,9.3,-1.0,11.21,5.48,0.226,0.075,2.17,449.9,45.7,0.001,260592.0
2021-1-27 16:00,-1.0,-1.0,-1.0,4.96,0.236,0.063,1.98,-1.0,-1.0,-1.0,-1.0
2021-1-27 20:00,-1.0,-1.0,-1.0,4.92,0.242,0.058,1.9,-1.0,-1.0,-1.0,-1.0
2021-1-28 0:00,-1.0,-1.0,-1.0,4.92,0.244,0.052,1.92,-1.0,-1.0,-1.0,-1.0
2021-1-28 4:00,-1.0,-1.0,-1.0,8.42,0.245,0.048,1.92,-1.0,-1.0,-1.0,-1.0
2021-1-28 8:00,-1.0,-1.0,-1.0,5.49,0.2,0.109,2.31,-1.0,-1.0,-1.0,-1.0
2021-1-28 12:00,-1.0,-1.0,-1.0,7.02,0.131,0.129,2.49,-1.0,-1.0,-1.0,-1.0
2021-1-28 16:00,-1.0,-1.0,-1.0,6.91,0.129,0.111,2.54,-1.0,-1.0,-1.0,-1.0
2021-1-28 20:00,-1.0,-1.0,-1.0,7.66,0.151,0.113,2.52,-1.0,-1.0,-1.0,-1.0
2021-1-29 0:00,-1.0,-1.0,-1.0,7.66,0.202,0.113,2.52,-1.0,-1.0,-1.0,-1.0
2021-1-29 4:00,-1.0,-1.0,-1.0,5.48,0.141,0.096,2.07,-1.0,-1.0,-1.0,-1.0
2021-1-29 8:00,-1.0,-1.0,-1.0,5.24,0.157,0.086,2.54,-1.0,-1.0,-1.0,-1.0
2021-1-29 12:00,-1.0,-1.0,-1.0,-1.0,0.189,0.082,2.57,-1.0,-1.0,-1.0,-1.0
2021-1-29 16:00,-1.0,-1.0,-1.0,-1.0,0.221,0.078,2.42,-1.0,-1.0,-1.0,-1.0
2021-1-29 20:00,-1.0,-1.0,-1.0,4.35,0.219,0.079,2.61,-1.0,-1.0,-1.0,-1.0
2021-1-30 0:00,-1.0,-1.0,-1.0,4.35,0.216,0.097,2.61,-1.0,-1.0,-1.0,-1.0
2021-1-30 4:00,-1.0,-1.0,-1.0,4.34,0.126,0.076,1.98,-1.0,-1.0,-1.0,-1.0
2021-1-30 8:00,-1.0,-1.0,-1.0,4.12,0.081,0.072,1.8,-1.0,-1.0,-1.0,-1.0
2021-1-30 12:00,-1.0,-1.0,-1.0,8.2,0.067,0.058,1.39,-1.0,-1.0,-1.0,-1.0
2021-1-30 16:00,-1.0,-1.0,-1.0,4.47,0.073,0.046,1.3,-1.0,-1.0,-1.0,-1.0
2021-1-30 20:00,-1.0,-1.0,-1.0,3.74,0.063,0.044,1.44,-1.0,-1.0,-1.0,-1.0
2021-1-31 0:00,-1.0,-1.0,-1.0,3.74,0.061,0.04,1.36,-1.0,-1.0,-1.0,-1.0
2021-1-31 4:00,-1.0,-1.0,-1.0,3.61,0.058,0.041,1.33,-1.0,-1.0,-1.0,-1.0
2021-1-31 8:00,-1.0,-1.0,-1.0,5.83,0.056,0.037,1.32,-1.0,-1.0,-1.0,-1.0
2021-1-31 12:00,-1.0,-1.0,-1.0,12.15,0.061,0.039,1.32,-1.0,-1.0,-1.0,-1.0
2021-1-31 16:00,-1.0,-1.0,-1.0,3.52,0.059,0.036,1.31,-1.0,-1.0,-1.0,-1.0
2021-1-31 20:00,-1.0,-1.0,-1.0,3.43,0.069,0.036,1.26,-1.0,-1.0,-1.0,-1.0
2021-2-1 0:00,-1.0,-1.0,-1.0,3.43,0.049,0.036,1.3,-1.0,-1.0,-1.0,-1.0
2021-2-1 4:00,-1.0,-1.0,-1.0,3.56,0.052,0.037,1.3,-1.0,-1.0,-1.0,-1.0
2021-2-1 8:00,-1.0,-1.0,-1.0,3.52,0.057,0.037,0.95,-1.0,-1.0,-1.0,-1.0
2021-2-1 12:00,-1.0,-1.0,-1.0,3.68,0.056,0.036,1.3,-1.0,-1.0,-1.0,-1.0
2021-2-1 16:00,-1.0,-1.0,-1.0,3.41,0.072,0.037,0.92,-1.0,-1.0,-1.0,-1.0
2021-2-1 20:00,-1.0,-1.0,-1.0,3.31,0.069,0.035,0.87,-1.0,-1.0,-1.0,-1.0
2021-2-2 0:00,-1.0,-1.0,-1.0,3.31,0.097,0.032,1.01,-1.0,-1.0,-1.0,-1.0
2021-2-2 4:00,-1.0,-1.0,-1.0,5.49,0.086,0.049,1.34,-1.0,-1.0,-1.0,-1.0
2021-2-2 8:00,-1.0,-1.0,-1.0,3.24,0.102,0.052,1.52,-1.0,-1.0,-1.0,-1.0
2021-2-2 12:00,-1.0,-1.0,-1.0,4.4,0.079,0.056,1.29,-1.0,-1.0,-1.0,-1.0
2021-2-2 16:00,-1.0,-1.0,-1.0,4.36,0.073,0.045,1.28,-1.0,-1.0,-1.0,-1.0
2021-2-2 20:00,-1.0,-1.0,-1.0,3.67,0.076,0.047,1.37,-1.0,-1.0,-1.0,-1.0
2021-2-3 0:00,-1.0,-1.0,-1.0,3.67,0.098,0.047,1.42,-1.0,-1.0,-1.0,-1.0
2021-2-3 4:00,-1.0,-1.0,-1.0,4.12,0.046,0.052,1.18,-1.0,-1.0,-1.0,-1.0
2021-2-3 8:00,,,,,,,,,,,
2021-2-3 12:00,,,,,,,,,,,
2021-2-3 16:00,10.99,8.42,11.692,3.999,0.0386,0.0454,1.247,425.323,20.498,0.00645,3558250.0
2021-2-3 20:00,10.75,8.461,11.685,3.68,0.0411,0.0381,1.235,426.346,17.587,0.00696,3262940.0
2021-2-4 0:00,10.33,8.37,11.231,3.68,0.044,0.0327,1.183,429.125,15.522,0.00473,1948920.0
2021-2-4 4:00,10.26,8.327,11.199,4.062,0.0304,0.0439,1.327,432.12,35.45,0.00359,2570870.0
2021-2-4 8:00,10.22,8.324,11.093,3.918,0.0273,0.053,1.244,430.435,33.764,0.00377,2783940.0
2021-2-4 12:00,10.78,8.362,11.264,3.818,0.034,0.0437,1.166,425.473,22.368,0.0038,2506010.0
2021-2-4 16:00,11.84,8.558,11.901,3.488,0.0312,0.0365,1.15,423.134,17.986,0.00656,4335250.0
2021-2-4 20:00,11.09,8.498,11.69,3.556,0.0339,0.0356,1.198,415.313,15.676,0.00572,2816960.0
2021-2-5 0:00,10.8,8.374,11.266,3.556,0.0257,0.047,1.358,432.328,34.191,0.00388,2670960.0
2021-2-5 4:00,10.78,8.301,10.846,3.205,0.0664,0.04,1.361,395.18,17.216,0.00347,2157160.0
2021-2-5 8:00,10.61,8.284,10.801,2.857,0.0659,0.0295,0.95,361.66,12.654,0.00303,1805960.0
2021-2-5 12:00,10.7,8.313,10.87,2.877,0.066,0.0344,0.939,352.706,10.632,0.003,1555010.0
2021-2-5 16:00,10.89,8.453,11.3,3.882,0.0573,0.0324,0.992,349.957,7.949,0.00619,2676360.0
2021-2-5 20:00,10.78,8.375,10.952,4.86,0.0609,0.0326,1.075,336.086,7.396,0.00387,1590210.0
2021-2-6 0:00,10.78,8.353,10.866,4.86,0.0604,0.0326,1.075,336.385,7.194,0.00332,1588840.0
2021-2-6 4:00,10.58,8.28,10.719,5.152,0.0685,0.0425,1.431,341.083,21.459,0.00276,1803170.0
2021-2-6 8:00,10.53,8.282,10.676,12.065,0.0711,0.0409,0.981,334.861,14.42,0.00317,1550440.0
2021-2-6 12:00,11.85,8.332,10.951,12.006,0.0753,0.039,1.456,335.28,9.377,0.00241,1829500.0
2021-2-6 16:00,12.84,8.423,11.26,11.932,0.0915,0.0371,1.157,344.631,8.47,0.00339,2283820.0
2021-2-6 20:00,12.38,8.438,11.278,11.949,0.0664,0.0349,1.231,350.737,7.609,0.00357,1495520.0
2021-2-7 0:00,12.1,8.423,11.12,11.949,0.0614,0.0337,1.276,350.988,7.523,0.0033,1482820.0
2021-2-7 4:00,11.82,8.397,11.07,12.008,0.0644,0.0333,1.193,352.425,7.511,0.00343,1406680.0
2021-2-7 8:00,11.53,8.382,11.054,6.237,0.063,0.0358,1.33,356.837,7.009,0.00335,1528380.0
2021-2-7 12:00,12.6,8.457,11.345,2.512,0.1201,0.0342,1.177,351.156,6.602,0.00223,1301520.0
2021-2-7 16:00,14.48,8.459,11.591,9.201,0.0603,0.0342,1.294,363.148,6.595,0.00296,1760010.0
2021-2-19 4:00,11.06,8.335,10.256,11.612,0.186,0.0595,2.568,546.971,35.177,,
2021-2-22 4:00,13.79,7.99,10.151,3.756,0.0887,0.0408,1.846,522.538,5.818,,
2021-2-22 8:00,13.79,7.902,10.04,3.333,0.0864,0.0369,2.111,526.314,5.558,,
2021-2-22 12:00,14.87,6.292,10.329,5.519,0.0868,0.0426,1.924,535.327,5.252,,
2021-2-22 16:00,14.37,6.413,10.53,4.135,0.0695,0.0717,2.294,519.806,38.595,,
2021-2-28 12:00,14.55,7.666,9.814,,,,,1.248,,,
2021-3-5 12:00,12.83,7.308,10.148,,,,,436.025,38.478,,
2021-3-5 16:00,12.97,8.096,10.721,3.477,0.0283,0.045,0.615,422.582,28.377,0.00273,1055550.0
2021-3-5 20:00,12.86,8.089,10.732,3.318,0.0335,0.046,0.718,425.306,24.37,0.00307,879734.0
2021-3-6 0:00,12.85,8.099,10.715,3.318,0.0357,0.0393,0.943,433.455,16.969,0.00372,1246980.0
2021-3-6 4:00,12.74,8.08,10.684,3.382,0.0374,0.0499,0.593,426.448,31.088,0.00321,1543640.0
2021-3-6 8:00,12.63,8.097,10.731,3.463,0.025,0.067,0.599,432.317,40.378,0.00312,1840670.0
2021-3-6 12:00,12.61,8.067,10.752,3.989,0.025,0.081,0.107,424.695,57.617,0.00284,1770830.0
2021-3-6 16:00,12.61,8.086,10.797,4.264,0.025,0.0872,,429.514,69.108,0.00351,2402090.0
2021-3-6 20:00,12.37,8.082,10.775,4.531,0.0304,0.1144,0.183,476.127,79.589,0.0036,2319480.0
2021-3-7 0:00,12.2,8.057,10.726,4.531,0.0539,0.0984,0.497,506.788,65.958,0.00384,2273840.0
2021-3-7 4:00,11.96,8.062,10.75,4.153,0.0455,0.0904,0.509,500.529,61.949,0.00364,1805060.0
2021-3-7 8:00,11.71,8.052,10.805,3.779,0.0409,0.0799,0.086,437.369,59.647,0.00329,1728480.0
2021-3-7 12:00,11.68,8.087,10.88,3.729,0.0317,0.0831,0.05,430.576,56.556,0.00332,1986050.0
2021-3-7 16:00,11.65,8.094,10.936,3.866,0.0335,0.0738,0.05,431.539,51.784,0.00356,2017230.0
2021-3-7 20:00,11.56,8.109,10.931,3.72,0.0402,0.062,0.2,430.162,43.408,0.00395,1852290.0
2021-3-8 0:00,11.53,8.109,10.927,3.72,0.0391,0.0542,0.289,427.268,37.874,0.00382,1815770.0
2021-3-8 4:00,11.47,8.099,10.939,3.466,0.038,0.0476,0.323,426.592,34.585,0.00316,1684310.0
2021-3-8 8:00,11.43,8.102,10.927,3.292,0.0423,0.0468,0.51,427.647,32.228,0.00314,1199560.0
2021-3-8 12:00,11.84,8.143,11.064,3.306,0.041,0.0434,0.52,423.754,26.273,0.00334,1700120.0
2021-3-8 16:00,11.86,8.15,11.15,3.38,0.0383,0.0451,0.434,426.727,28.943,0.00336,1116780.0
2021-3-8 20:00,11.83,8.111,10.991,3.288,0.0446,0.0417,0.721,433.798,26.642,0.00305,886700.0
2021-3-9 0:00,11.72,8.117,10.944,3.489,0.0452,0.0526,0.695,446.608,32.934,0.00327,1696880.0
2021-3-9 4:00,11.69,8.124,10.893,3.38,0.0449,0.0556,1.159,477.651,27.09,0.00345,1694750.0
2021-3-9 8:00,11.62,8.117,10.853,3.254,0.0461,0.0459,1.343,485.881,23.222,0.00298,915320.0
2021-3-9 12:00,11.71,8.153,10.929,3.335,0.053,0.0501,1.336,502.313,22.492,0.00315,787591.0
2021-3-9 16:00,12.05,8.2,11.131,3.1,0.0438,0.047,1.185,471.979,18.81,0.00336,1056410.0
2021-3-9 20:00,11.94,8.184,10.998,3.365,0.0496,0.0449,1.493,490.772,15.954,0.00346,792064.0
2021-3-10 0:00,11.86,8.174,10.883,3.072,0.0483,0.0427,1.547,483.46,12.949,0.00293,1638990.0
2021-3-10 4:00,11.86,8.16,10.875,3.066,0.0506,0.0427,1.689,493.104,10.45,0.00236,1116870.0
2021-3-10 8:00,11.85,8.151,10.923,3.103,0.0487,0.0432,1.801,488.892,10.612,0.00208,1017610.0
2021-3-10 12:00,13.81,8.169,10.962,2.927,0.0391,0.0427,1.395,461.696,9.721,0.00082,386965.0
2021-3-10 16:00,14.78,8.18,11.13,2.907,0.0365,0.0407,1.529,505.579,10.001,0.0018,1809340.0
2021-3-10 20:00,13.11,8.176,11.02,3.009,0.0372,0.0396,1.389,469.026,11.106,0.00212,1122880.0
2021-3-11 0:00,13.07,8.149,10.897,3.009,0.041,0.0653,1.122,500.005,31.958,0.00235,1555320.0
2021-3-11 4:00,12.97,8.134,10.785,3.861,0.0522,0.0792,1.214,541.197,41.11,0.00239,1419170.0
2021-3-11 8:00,13.0,8.113,10.658,3.754,0.0572,0.0754,1.508,552.241,38.089,0.00205,1890070.0
2021-3-11 12:00,12.86,8.102,10.689,3.731,0.0591,0.0697,1.413,541.763,37.35,0.00214,1716410.0
2021-3-11 16:00,12.85,8.127,10.73,3.704,0.0607,0.0578,1.461,517.735,25.975,0.00252,1380850.0
2021-3-11 20:00,12.72,8.117,10.731,3.328,0.0562,0.056,1.412,505.688,26.149,0.00298,943051.0
2021-3-12 0:00,12.63,8.107,10.733,3.328,0.053,0.067,1.08,495.494,35.796,0.00303,1808010.0
2021-3-12 4:00,12.64,8.124,10.721,3.717,0.0482,0.0785,0.835,478.697,46.364,0.00306,1874920.0
2021-3-12 8:00,12.63,8.116,10.709,3.6,0.0401,0.0816,0.803,474.328,49.327,0.00285,1641290.0
2021-3-12 12:00,12.86,8.139,10.763,3.571,0.0381,0.0756,0.662,464.866,44.668,0.00309,1448270.0
2021-3-12 16:00,13.28,8.164,10.743,3.427,0.0387,0.0697,0.866,473.761,36.472,0.00332,1902870.0
2021-3-12 20:00,13.22,8.17,10.699,3.252,0.0483,0.0578,1.086,480.268,25.197,0.00415,1226270.0
2021-3-13 0:00,13.18,8.168,10.607,3.252,0.0498,0.0523,1.283,482.052,19.283,0.0033,1022580.0
2021-3-13 4:00,13.05,8.16,10.634,3.182,0.0477,0.0494,1.423,479.849,19.414,0.00365,1386580.0
2021-3-13 8:00,12.87,8.152,10.711,2.993,0.0469,0.0483,1.561,483.514,16.714,0.00275,1348760.0
2021-3-13 12:00,13.76,8.152,10.926,3.278,0.0449,0.0507,1.204,493.573,21.459,0.00338,1900180.0
2021-3-13 16:00,15.11,8.195,11.243,3.006,0.0401,0.0452,1.437,487.166,16.98,0.00371,900678.0
2021-3-13 20:00,14.0,8.14,10.881,3.18,0.0499,0.0462,1.527,488.347,22.42,0.00298,665018.0
2021-3-14 0:00,13.77,8.11,10.732,3.18,0.0486,0.0515,1.455,486.537,19.297,0.00267,557613.0
2021-3-14 4:00,13.75,8.114,10.642,3.126,0.0454,0.0505,1.567,494.747,21.091,0.00267,1410810.0
2021-3-14 8:00,13.6,8.126,10.696,3.231,0.0357,0.0498,1.616,488.829,25.354,0.0028,929920.0
2021-3-14 12:00,14.05,8.171,10.893,3.174,0.0272,0.0455,1.257,480.468,21.503,0.00323,1735720.0
2021-3-14 16:00,14.75,8.208,11.017,3.188,0.025,0.044,1.566,496.906,16.321,0.0035,926700.0
2021-3-14 20:00,14.66,8.186,10.906,3.456,0.025,0.0457,1.553,519.061,24.03,0.00356,1628250.0
2021-3-15 0:00,14.63,8.225,10.848,3.456,0.025,0.0577,1.096,494.934,40.923,0.00427,1344780.0
2021-3-15 4:00,14.41,8.303,10.863,3.449,0.025,0.0559,0.628,463.213,41.149,0.00532,1580550.0
2021-3-15 8:00,14.43,8.336,10.803,3.502,0.025,0.0646,0.741,452.918,48.165,0.00646,1861930.0
2021-3-15 12:00,15.34,8.393,10.964,2.94,0.025,0.0499,0.665,431.116,26.435,0.00772,2012240.0
2021-3-15 16:00,15.59,8.499,11.365,3.132,0.025,0.0427,0.816,433.737,20.085,0.01204,2754680.0
2021-3-15 20:00,15.44,8.417,10.867,2.826,0.025,0.0384,0.941,433.826,16.049,0.01041,1951240.0
2021-3-16 0:00,15.35,8.352,10.661,2.826,0.025,0.0335,1.047,444.004,12.722,0.00905,2019560.0
2021-3-16 4:00,15.53,8.32,10.405,2.787,0.025,0.0319,0.947,431.84,17.085,0.00645,1271570.0
2021-3-16 8:00,15.45,8.293,10.301,3.123,0.025,0.0521,0.877,431.992,36.592,0.00598,2312370.0
2021-3-16 12:00,15.37,8.297,10.467,3.154,0.025,0.0547,0.513,443.101,42.075,0.00687,1805540.0
2021-3-16 16:00,15.54,8.292,10.348,3.49,0.025,0.0608,0.342,432.442,49.36,0.00677,2497900.0
2021-3-16 20:00,15.48,8.219,10.132,3.34,0.025,0.0539,0.463,431.135,44.339,0.00586,2386330.0
2021-3-17 0:00,15.3,8.231,10.079,3.34,0.025,0.0467,0.545,429.176,32.296,0.00612,1581980.0
2021-3-17 4:00,15.08,8.189,9.996,3.031,0.0277,0.0394,0.709,429.698,25.317,0.00525,1788730.0
2021-3-17 8:00,14.89,8.182,9.986,3.149,0.025,0.0497,0.732,429.206,35.908,0.00439,1955720.0
2021-3-17 12:00,14.66,8.204,10.357,3.237,0.025,0.043,1.199,462.956,20.581,0.00718,1416920.0
2021-3-17 16:00,14.66,8.227,10.501,3.258,0.025,0.0388,1.323,469.721,16.526,0.00671,2155580.0
2021-3-17 20:00,14.54,8.232,10.449,3.142,0.025,0.0372,1.451,469.907,13.351,0.00826,1904110.0
2021-3-18 0:00,14.49,8.231,10.372,3.142,0.025,0.0372,1.456,482.49,14.578,0.00683,954655.0
2021-3-18 4:00,14.35,8.207,10.322,3.24,0.025,0.0414,1.534,480.284,17.894,0.00687,1264690.0
2021-3-18 8:00,14.28,8.222,10.269,2.985,0.025,0.0311,1.605,470.29,13.321,0.00398,1434360.0
2021-3-18 12:00,22.82,7.648,9.302,2.985,0.025,0.0311,1.605,0.724,,0.00194,55500000.0
2021-3-18 16:00,15.34,8.276,10.275,3.531,0.025,0.0361,1.525,489.108,10.589,0.01255,1011700.0
2021-3-18 20:00,14.53,8.256,10.044,3.102,0.025,0.0333,1.202,474.63,14.512,0.01176,395586.0
2021-3-19 0:00,14.53,8.235,9.964,3.102,0.025,0.0333,1.202,482.969,21.641,0.01205,1167320.0
2021-3-19 4:00,14.48,8.14,9.664,3.187,0.025,0.0348,1.477,484.351,13.295,0.00926,464738.0
2021-3-19 8:00,14.39,8.118,9.609,3.014,0.025,0.0421,1.656,475.163,18.41,0.0087,1475650.0
2021-3-19 12:00,14.4,8.139,9.721,3.309,0.025,0.051,1.068,451.394,28.278,0.01132,1650170.0
2021-3-19 16:00,14.48,8.172,9.777,4.057,0.025,0.0469,1.117,456.126,26.775,0.01295,1759650.0
2021-3-19 20:00,14.55,8.183,9.719,3.153,0.025,0.0396,1.395,466.667,19.128,0.01691,1027100.0
2021-3-20 0:00,14.52,8.179,9.623,3.153,0.025,0.0339,1.422,465.274,14.208,0.01594,1936450.0
2021-3-20 4:00,14.35,8.161,9.587,3.05,0.025,0.033,1.438,468.889,16.473,0.01281,567566.0
2021-3-20 8:00,14.28,8.123,9.527,3.412,0.025,0.0554,1.162,463.221,45.707,0.01115,1157080.0
2021-3-20 12:00,14.31,8.164,9.605,3.754,0.025,0.0682,0.544,455.562,57.37,0.01142,1888250.0
2021-3-20 16:00,14.28,8.186,9.73,4.131,0.025,0.058,0.822,459.627,47.196,0.0171,2548090.0
2021-3-20 20:00,14.13,8.179,9.715,4.071,0.025,0.0635,0.646,449.751,48.82,0.01507,1844470.0
2021-3-21 0:00,14.03,8.163,9.651,4.071,0.025,0.0599,0.788,463.999,47.986,0.01322,1873080.0
2021-3-21 4:00,13.92,8.153,9.648,3.911,0.025,0.0633,0.739,467.942,52.587,0.01319,2039130.0
2021-3-21 8:00,13.8,8.156,9.692,3.646,0.025,0.0755,0.813,472.656,58.593,0.01016,1656560.0
2021-3-21 12:00,14.03,8.179,9.809,3.475,0.025,0.0621,0.531,467.692,54.336,0.01157,1562500.0
2021-3-21 16:00,14.23,8.199,9.907,3.312,0.025,0.0639,0.467,452.818,49.081,0.01079,2336040.0
2021-3-21 20:00,14.07,8.168,9.844,4.162,0.025,0.0655,0.414,446.695,58.04,0.01207,1531030.0
2021-3-22 0:00,13.89,8.184,9.795,4.162,0.025,0.0705,0.679,470.681,61.448,0.01159,2553220.0
2021-3-22 4:00,13.61,8.171,9.774,4.301,0.025,0.0668,0.517,457.492,63.128,0.01279,2499860.0
2021-3-22 8:00,13.46,8.16,9.778,3.495,0.025,0.0725,0.346,444.221,60.09,0.01062,1706130.0
2021-3-22 12:00,14.07,8.212,10.059,3.387,0.025,0.0605,0.258,445.64,47.311,0.01044,2152600.0
2021-3-22 16:00,15.19,8.29,10.404,3.494,0.025,0.0531,0.571,476.634,44.397,0.01258,2616230.0
2021-3-22 20:00,14.43,8.278,10.199,3.268,0.025,0.0509,0.925,477.395,37.292,0.01489,2069760.0
2021-3-23 0:00,14.28,8.224,10.068,3.268,0.025,0.0509,1.004,474.49,33.405,0.01224,1156560.0
2021-3-23 4:00,13.99,8.199,9.908,4.433,0.025,0.0447,0.981,453.996,27.24,0.01508,871740.0
2021-3-23 8:00,13.9,8.202,9.926,3.149,0.025,0.04,0.547,455.12,25.015,0.01199,903255.0
2021-3-23 16:00,16.07,8.098,9.722,3.149,0.0567,0.04,0.547,,18.12,0.01127,1694870.0
2021-3-23 20:00,16.07,8.075,9.457,12.789,0.0462,0.0363,0.588,,23.35,0.01402,1768050.0
2021-3-24 0:00,15.8,8.102,9.343,12.789,0.0391,0.0406,0.479,,20.15,0.01447,1681350.0
2021-3-24 4:00,15.48,8.077,9.093,3.46,0.0334,0.0427,0.439,,21.853,0.01105,1630440.0
2021-3-24 8:00,14.9,8.224,9.958,7.272,0.025,0.043,1.313,,19.436,0.01312,2097490.0
2021-3-24 12:00,15.87,8.273,10.258,3.618,0.025,0.0459,1.16,,20.274,0.01213,2412290.0
2021-3-24 16:00,17.13,8.375,10.696,3.083,0.025,0.045,1.22,,18.917,0.01656,2166940.0
2021-3-24 20:00,16.42,8.36,10.565,10.709,0.025,0.0507,1.235,,17.287,0.01931,1972090.0
2021-3-25 0:00,16.17,8.379,10.469,10.709,0.025,0.0413,1.219,,15.196,0.02017,1773460.0
2021-3-25 4:00,16.05,8.373,10.344,2.929,0.025,0.0431,1.296,,14.455,0.01995,1801760.0
2021-3-25 8:00,16.04,8.385,10.464,12.382,0.025,0.0409,1.4,,12.714,0.01758,2421320.0
2021-3-25 12:00,17.34,8.439,11.131,12.4,0.025,0.043,1.463,,14.59,0.01316,2448200.0
2021-3-25 16:00,18.67,8.543,11.614,12.4,0.025,0.0424,1.293,,13.223,0.01592,2153080.0
2021-3-25 20:00,17.43,8.427,10.968,12.4,0.025,0.0461,1.319,,12.658,0.01837,1806280.0
2021-3-26 0:00,16.6,8.28,10.137,12.4,0.025,0.053,1.124,,24.747,0.0148,1685330.0
2021-3-26 4:00,16.52,8.272,9.925,2.733,0.025,0.0711,0.569,,43.537,0.0144,2311910.0
2021-3-26 8:00,16.42,8.262,9.733,19.624,0.025,0.0723,0.569,,50.571,0.01406,2675490.0
2021-3-26 12:00,17.14,8.269,9.805,19.175,0.025,0.0586,0.745,,36.635,0.01519,2999880.0
2021-3-26 16:00,17.74,8.272,9.757,20.517,0.025,0.0723,0.494,,47.954,0.0145,2859600.0
2021-3-26 20:00,17.76,8.27,9.497,19.735,0.025,0.084,0.297,,68.525,0.01551,2937500.0
2021-3-27 0:00,17.68,8.195,9.225,19.735,0.025,0.0979,,,63.36,0.01449,2624120.0
2021-3-27 4:00,17.55,8.188,9.136,15.494,0.025,0.0754,0.313,,46.871,0.01472,2386070.0
2021-3-27 8:00,17.68,8.133,8.918,19.51,0.025,0.0498,0.814,,31.267,0.00162,2124870.0
2021-3-27 12:00,18.31,8.3,9.421,19.51,0.025,0.0498,1.537,,23.875,0.01773,3319340.0
2021-3-27 16:00,18.12,8.248,8.996,19.51,0.025,0.0498,1.537,454.577,39.529,0.0104,2277710.0
2021-3-27 20:00,17.97,8.229,8.948,3.313,,0.0473,,454.7,40.585,0.01203,2299140.0
2021-3-28 0:00,17.8,8.231,8.871,3.313,0.025,0.0426,1.441,454.369,31.93,0.01084,1826690.0
2021-3-28 4:00,17.7,8.201,8.764,,0.025,,,454.837,23.661,0.00904,1548820.0
2021-3-28 8:00,17.61,8.234,8.886,2.932,0.025,0.035,1.504,459.747,22.349,0.00929,2121610.0
2021-3-28 12:00,19.17,8.348,9.453,3.223,0.025,0.0417,1.6,458.516,23.15,0.01149,3150390.0
2021-3-28 16:00,21.15,8.429,9.762,3.203,0.025,0.0367,1.605,454.796,18.071,0.01104,2507060.0
2021-3-28 20:00,20.37,8.461,9.868,3.203,0.025,0.0367,1.605,461.303,16.005,0.01283,1774710.0
2021-3-29 12:00,21.6,8.302,9.217,,0.025,0.0295,1.158,461.606,9.541,0.00714,2783740.0
2021-3-29 16:00,20.57,8.398,9.525,3.288,0.025,0.033,1.542,460.272,10.472,0.01304,2051030.0
2021-3-29 20:00,20.37,8.364,9.38,3.162,0.025,0.0329,1.108,462.421,10.06,0.01434,1900910.0
2021-3-30 0:00,19.9,8.289,8.963,3.162,0.025,0.0458,1.619,461.045,31.492,0.01319,2325740.0
2021-3-30 4:00,19.8,8.282,8.852,3.555,0.025,0.049,1.696,467.95,34.706,0.01251,2564200.0
2021-3-30 8:00,19.56,8.244,8.662,3.579,0.025,0.0529,1.86,463.556,41.928,0.01139,2628490.0
2021-3-30 12:00,19.89,8.265,8.759,3.437,0.025,0.0466,1.62,462.879,36.715,0.01183,2899820.0
2021-3-30 16:00,19.94,8.301,8.856,3.707,0.025,0.058,1.779,468.698,40.504,0.01263,2991560.0
2021-3-30 20:00,19.42,8.288,8.778,3.545,0.025,0.0653,2.202,514.893,46.598,0.0111,2978240.0
2021-3-31 0:00,19.17,8.281,8.668,3.6,0.025,0.0632,2.136,510.07,44.416,0.01101,2707680.0
2021-3-31 4:00,18.93,8.233,8.568,3.571,0.025,0.0626,1.92,491.181,48.187,0.01145,2891440.0
2021-3-31 8:00,18.71,8.22,8.526,3.804,0.025,0.0716,2.132,499.966,52.689,0.00995,3069480.0
2021-3-31 12:00,18.8,8.2,8.45,3.677,0.025,0.0657,1.814,477.671,51.079,0.01054,2594730.0
2021-3-31 16:00,18.82,8.209,8.494,3.677,0.025,0.0715,1.814,479.555,53.064,0.01075,2835550.0
2021-3-31 20:00,18.49,8.209,8.519,3.664,0.025,0.0693,1.979,497.314,56.257,0.0089,3328620.0
2021-4-1 0:00,18.4,8.205,8.485,3.664,0.025,0.0785,2.131,506.48,62.895,0.01004,3234640.0
2021-4-1 4:00,18.3,8.195,8.463,3.664,0.025,0.0761,2.068,513.132,47.856,0.00921,2792790.0
2021-4-1 8:00,18.23,8.19,8.459,3.515,0.025,0.067,2.164,504.144,50.243,0.00811,3024350.0
2021-4-1 12:00,18.27,8.202,8.519,3.472,0.025,0.0617,2.101,504.912,40.856,0.00611,3142710.0
2021-4-1 16:00,18.31,8.225,8.616,3.319,0.025,0.0534,1.966,502.048,26.009,0.00789,3070250.0
2021-4-1 20:00,18.31,8.205,8.553,3.186,0.025,0.0433,1.953,498.108,20.184,0.00703,1853240.0
2021-4-2 0:00,18.3,8.21,8.488,3.186,0.0262,0.0413,1.86,499.245,15.761,0.00601,1734740.0
2021-4-2 4:00,18.23,8.192,8.435,3.057,0.0291,0.0388,1.989,507.152,14.687,0.00686,1731970.0
2021-4-2 8:00,18.19,8.184,8.453,3.16,0.0284,0.0405,1.808,511.054,15.967,0.00592,1925290.0
2021-4-2 12:00,18.58,8.244,8.71,3.16,0.025,0.0405,1.808,515.331,15.713,0.00759,2197240.0
2021-4-2 16:00,18.84,8.167,9.549,2.598,0.025,0.0425,2.215,487.8,15.787,0.00105,2005330.0
2021-4-2 20:00,18.83,8.152,9.416,11.649,0.025,0.0397,2.119,487.543,17.689,0.00081,1723710.0
2021-4-3 0:00,18.75,8.125,9.304,11.649,0.025,0.0418,2.058,487.602,16.513,0.0052,1561050.0
2021-4-3 4:00,18.65,8.126,9.276,5.324,0.025,0.0492,2.095,487.527,29.294,0.00845,2228750.0
2021-4-3 8:00,18.48,8.113,9.242,3.166,0.025,0.072,2.207,485.856,51.545,0.0079,2690530.0
2021-4-3 12:00,18.48,8.092,9.27,2.989,0.025,0.0759,2.121,482.285,56.331,0.0029,2808880.0
2021-4-3 16:00,18.31,8.075,9.262,3.439,0.025,0.1117,2.123,478.34,85.169,0.0079,3306870.0
2021-4-3 20:00,18.13,8.093,9.281,3.147,0.025,0.0959,2.032,480.137,69.913,0.00885,3011260.0
2021-4-4 0:00,17.8,8.098,9.327,3.147,0.025,0.0936,2.085,481.276,72.804,0.00871,3216200.0
2021-4-4 4:00,17.46,8.103,9.374,3.322,0.025,0.0947,2.084,482.805,78.511,0.00874,3526610.0
2021-4-4 8:00,17.2,8.097,9.387,3.322,0.025,0.0901,2.026,467.655,79.92,0.00745,3077910.0
2021-4-4 12:00,17.8,8.111,9.529,3.164,0.0322,0.0795,1.721,450.098,59.075,0.00677,2830380.0
2021-4-4 16:00,18.19,8.12,9.588,3.014,0.0276,0.0835,1.796,455.996,71.375,0.0072,2589360.0
2021-4-4 20:00,17.85,8.12,9.572,3.456,0.025,0.0995,1.864,459.993,92.044,0.0084,2909280.0
2021-4-5 0:00,17.38,8.12,9.523,2.94,0.0296,0.0777,1.844,456.663,53.115,0.00811,2601820.0
2021-4-5 4:00,17.04,8.111,9.494,2.839,0.0338,0.0553,1.76,455.367,40.741,0.00687,2084080.0
2021-4-5 8:00,16.87,8.106,9.509,2.513,0.0333,0.0525,1.705,447.57,36.995,0.00652,3048000.0
2021-4-5 12:00,17.88,8.173,9.806,2.547,0.0304,0.0495,1.696,448.371,31.851,0.00854,2758180.0
2021-4-5 16:00,18.61,8.234,10.076,2.456,0.0317,0.0504,1.746,465.76,27.509,0.00989,2227930.0
2021-4-5 20:00,18.14,8.208,9.896,2.393,0.0414,0.0426,1.879,494.072,24.251,0.00995,1453610.0
2021-4-6 0:00,17.61,8.148,9.614,2.382,0.0434,0.0451,1.856,498.982,24.768,0.00731,1315500.0
2021-4-6 4:00,17.46,8.143,9.547,2.571,0.0415,0.0521,1.987,514.319,26.312,0.00625,1768390.0
2021-4-6 8:00,17.52,8.149,9.577,2.304,0.0379,0.0454,2.172,517.289,18.579,0.00833,1503020.0
2021-4-6 12:00,18.85,8.281,10.223,2.682,0.0266,0.0445,2.1,521.821,16.578,0.0096,2805440.0
2021-4-6 16:00,18.84,8.366,10.703,2.598,0.025,0.0462,2.093,516.26,15.287,0.01241,3598750.0
2021-4-6 20:00,18.58,8.326,10.315,2.428,0.025,0.0401,1.94,511.497,11.074,0.01435,2107630.0
2021-4-7 0:00,18.14,8.209,9.927,2.428,0.025,0.0448,2.022,511.66,21.117,0.0101,1921200.0
2021-4-7 4:00,17.96,8.193,9.794,2.539,0.025,0.0454,1.992,516.521,16.345,0.00948,1677040.0
2021-4-7 8:00,17.79,8.198,9.787,2.443,0.025,0.0419,1.581,515.472,13.038,0.00853,1979410.0
2021-4-7 12:00,18.11,8.267,10.145,2.505,0.025,0.0395,2.059,514.891,12.532,0.01078,3078870.0
2021-4-7 16:00,17.99,8.29,10.269,2.705,0.025,0.0461,1.987,513.076,11.532,0.01179,2610560.0
2021-4-7 20:00,17.77,8.249,10.076,2.922,0.025,0.0441,2.006,518.156,18.105,0.01087,2552960.0
2021-4-8 0:00,17.44,8.225,9.903,2.922,0.025,0.0422,2.156,519.015,17.249,0.01049,2035420.0
2021-4-8 4:00,17.19,8.21,9.775,2.793,0.025,0.046,2.093,523.282,25.562,0.01003,2244420.0
2021-4-8 8:00,16.96,8.194,9.735,2.938,0.025,0.0537,2.249,521.991,27.275,0.00911,2493900.0
2021-4-8 12:00,18.3,8.298,10.177,2.681,0.025,0.0477,2.181,519.744,15.12,0.01133,3575960.0
2021-4-8 16:00,18.73,8.303,10.321,2.638,0.025,0.0415,1.97,507.692,15.513,0.01033,2671180.0
2021-4-8 20:00,18.22,8.314,10.211,2.545,0.025,0.0347,2.008,502.049,13.64,0.0127,1848190.0
2021-4-9 0:00,17.96,8.273,10.054,2.545,0.025,0.0404,2.044,512.279,17.533,0.00914,2453000.0
2021-4-9 4:00,17.59,8.309,10.038,2.604,0.025,0.0369,2.13,513.325,17.423,0.01146,1964630.0
2021-4-9 8:00,17.43,8.325,10.068,2.479,0.025,0.0372,1.995,510.755,12.087,0.01123,2566540.0
2021-4-9 12:00,19.17,8.41,10.595,2.481,0.025,0.0344,1.952,510.772,9.889,0.00842,3064760.0
2021-4-9 16:00,20.07,8.485,11.234,2.69,0.025,0.0434,1.924,496.422,12.28,0.01176,2587780.0
2021-4-9 20:00,18.32,8.443,10.697,2.711,0.025,0.0358,1.883,502.708,15.243,0.01275,2012470.0
2021-4-10 0:00,18.13,8.386,10.298,2.711,0.025,0.0394,1.788,490.921,15.556,0.01125,2037280.0
2021-4-10 4:00,17.79,8.364,10.09,2.638,0.025,0.0335,1.816,494.021,14.267,0.00759,1977250.0
2021-4-10 8:00,17.43,8.303,9.969,2.456,0.025,0.0336,1.831,476.535,12.939,0.0091,2453280.0
2021-4-10 12:00,18.12,8.379,10.317,2.656,0.025,0.0348,1.844,476.272,14.08,0.01,2852790.0
2021-4-10 16:00,18.66,8.369,10.419,2.589,0.025,0.0394,1.796,445.951,15.913,0.011,2388900.0
2021-4-10 20:00,18.47,8.335,10.181,2.654,0.025,0.0383,1.838,445.616,27.433,0.01174,2137190.0
2021-4-11 4:00,18.12,8.275,9.681,2.75,,0.0507,1.886,447.632,34.831,0.01179,2229900.0
2021-4-11 8:00,18.11,8.2,9.483,2.926,,0.0488,1.927,447.717,39.155,0.00977,2456950.0
2021-4-11 12:00,18.12,8.171,9.397,2.867,,0.0467,1.941,485.258,40.376,0.01004,2616130.0
2021-4-11 16:00,18.1,8.142,9.165,2.457,0.025,0.0497,1.742,493.52,22.097,0.01158,1921290.0
2021-4-11 20:00,17.95,8.149,9.237,2.313,0.025,0.0379,1.63,487.385,16.579,0.01427,1986430.0
2021-4-12 4:00,17.88,8.196,9.138,2.24,0.025,0.0379,1.379,489.063,12.142,0.01551,1712940.0
2021-4-12 8:00,17.88,8.166,9.11,2.332,0.025,0.0366,1.582,491.47,11.31,0.01115,1557450.0
2021-4-12 12:00,17.96,8.2,9.251,2.28,0.025,0.0379,1.449,495.381,10.675,0.01296,1600160.0
2021-4-12 16:00,18.12,8.186,9.218,2.301,0.025,0.0503,1.487,499.822,16.928,0.0121,1606580.0
2021-4-12 20:00,18.12,8.201,9.21,2.439,0.025,0.0375,1.288,497.956,17.096,0.0153,1685450.0
2021-4-13 0:00,18.12,8.165,9.078,2.439,0.0256,0.0375,1.384,497.871,12.199,0.0144,1409530.0
2021-4-13 4:00,17.94,8.161,9.033,2.401,0.025,0.0332,1.419,498.846,10.295,0.01316,1985480.0
2021-4-13 8:00,18.01,8.174,9.151,2.407,0.025,0.0403,1.721,505.658,11.01,0.01403,2921610.0
2021-4-13 12:00,19.88,8.171,9.27,2.732,0.025,,1.529,518.155,12.696,0.0084,2900360.0
2021-4-13 16:00,19.13,8.197,9.431,2.618,0.025,0.0505,1.829,518.041,25.982,0.01313,2498410.0
2021-4-13 20:00,18.85,8.177,9.249,2.631,0.025,0.0528,1.7,503.391,31.038,0.01103,1848140.0
2021-4-14 0:00,18.65,8.174,9.251,2.631,0.025,0.0481,1.728,497.084,28.3,0.01387,1912450.0
2021-4-14 4:00,18.32,8.17,9.187,2.315,0.025,0.0432,1.689,492.751,20.331,0.0137,1737900.0
2021-4-14 8:00,18.12,8.164,9.147,2.627,0.025,0.0511,1.833,500.826,29.25,0.01244,2072010.0
2021-4-14 12:00,18.12,8.216,9.296,2.619,0.025,0.0467,1.728,500.294,25.184,0.01479,2226020.0
2021-4-14 16:00,18.14,8.266,9.576,2.571,0.025,0.0377,1.79,490.248,20.716,0.01753,2664260.0
2021-4-14 20:00,17.96,8.269,9.493,2.657,0.025,0.0422,1.694,486.631,22.732,0.01851,2220700.0
2021-4-15 0:00,17.62,8.227,9.358,2.703,0.025,0.0449,1.768,486.885,52.381,0.01578,2352610.0
2021-4-15 8:00,17.02,8.171,9.262,2.893,0.025,0.0639,1.847,493.969,47.644,0.01241,2683070.0
2021-4-15 12:00,17.37,8.183,9.429,3.013,0.025,0.0722,1.834,501.333,42.446,0.01443,2790620.0
2021-4-15 16:00,17.95,8.242,9.661,3.013,0.025,0.052,1.785,502.189,31.381,0.01782,2567390.0
2021-4-15 20:00,17.79,8.272,9.704,2.798,0.025,0.0476,1.827,500.415,25.51,0.02121,2288630.0
2021-4-16 0:00,17.68,8.272,9.582,2.798,0.025,0.0436,1.776,501.738,23.022,0.02067,2047090.0
2021-4-16 4:00,17.53,8.257,9.498,,0.025,0.0398,1.726,501.837,14.345,0.0203,2001530.0
2021-4-16 12:00,18.68,8.422,10.31,2.462,0.025,0.0411,1.726,502.342,12.083,0.02096,3067940.0
2021-4-16 16:00,19.99,8.527,10.824,2.638,0.025,0.0372,1.354,497.166,10.404,0.02662,2440220.0
2021-4-16 20:00,19.8,8.514,10.825,2.693,0.025,0.0363,1.448,502.019,10.507,0.02918,2438740.0
2021-4-17 0:00,18.66,8.377,9.992,2.693,0.025,0.0328,1.374,500.331,9.172,0.02746,2070720.0
2021-4-17 4:00,18.49,8.374,9.832,2.47,0.025,0.0344,1.34,501.994,8.118,0.0336,2140520.0
2021-4-17 8:00,18.48,8.336,9.878,2.438,0.025,0.0331,1.612,501.901,9.425,0.0224,2611960.0
2021-4-17 12:00,19.03,8.344,9.903,2.655,0.025,0.0468,1.688,502.293,22.017,0.02207,2657560.0
2021-4-17 16:00,19.81,8.444,10.465,2.489,0.025,0.0393,1.729,499.515,13.459,0.02861,3057850.0
2021-4-17 20:00,19.54,8.422,10.276,2.658,0.025,0.0376,1.719,500.678,10.59,0.03332,2379780.0
2021-4-18 0:00,19.19,8.344,9.71,2.505,0.025,0.0316,1.72,503.145,9.181,0.02147,2149180.0
2021-4-18 4:00,18.83,8.317,9.511,2.685,0.025,0.0368,1.671,501.977,13.497,0.02049,2042610.0
2021-4-18 8:00,18.67,8.359,9.713,2.391,0.025,0.0344,1.447,504.853,10.961,0.01954,2390530.0
2021-4-18 12:00,19.89,8.408,10.227,2.48,0.025,0.0408,1.759,499.885,9.913,0.01765,2983740.0
2021-4-18 16:00,20.36,8.477,10.691,2.626,0.025,0.0354,1.728,497.399,9.65,0.02251,2820730.0
2021-4-18 20:00,19.45,8.336,10.051,2.566,0.025,0.0337,1.659,448.338,11.634,0.02129,2044130.0
2021-4-19 0:00,18.97,8.329,9.645,2.566,0.025,0.0354,1.685,455.443,18.142,0.01026,2372570.0
2021-4-19 4:00,18.57,8.292,9.282,2.536,0.025,0.039,1.716,460.171,16.098,0.01588,1789930.0
2021-4-19 8:00,18.48,8.222,9.14,2.575,0.025,0.0313,1.234,441.133,12.519,0.01029,1784370.0
2021-4-19 12:00,19.31,8.266,9.365,2.719,0.025,0.0312,1.554,433.146,10.094,0.01121,2358410.0
2021-4-19 16:00,20.09,8.303,9.539,2.473,0.025,0.0294,1.638,434.368,8.602,0.00054,2215050.0
2021-4-19 20:00,19.9,8.262,9.353,2.575,0.025,0.033,1.606,433.054,29.989,0.00388,2078850.0
2021-4-20 0:00,19.63,8.217,9.15,2.575,0.025,0.0293,1.481,435.571,14.572,0.0034,1771160.0
2021-4-20 4:00,19.28,8.229,9.059,2.73,0.025,0.0367,1.634,458.578,17.533,0.0057,2074760.0
2021-4-20 8:00,19.01,8.333,9.109,2.648,0.025,0.0448,1.715,463.552,26.384,0.0095,2295540.0
2021-4-20 12:00,19.35,8.404,9.311,2.359,0.025,0.0396,1.685,459.832,14.64,0.0127,2279430.0
2021-4-20 16:00,19.89,8.51,9.651,2.753,0.025,0.0393,1.652,459.56,26.884,0.01746,2900910.0
2021-4-20 20:00,19.81,8.515,9.641,3.106,0.025,0.0525,1.576,450.818,32.848,0.00896,3552530.0
2021-4-21 0:00,19.61,8.319,9.189,3.106,0.025,0.0594,1.544,446.916,42.513,0.00635,3405600.0
2021-4-21 4:00,19.44,8.2,8.971,2.998,0.025,0.0773,1.532,429.664,65.594,0.00812,3303540.0
2021-4-21 8:00,19.36,8.193,8.953,2.797,0.025,0.0804,1.591,429.279,59.617,0.00357,3054340.0
2021-4-21 12:00,20.07,8.19,9.098,3.059,0.025,0.0662,1.693,476.564,49.066,0.00465,3043720.0
2021-4-21 20:00,20.43,8.254,9.075,2.998,0.025,0.0642,1.698,449.159,45.892,0.00929,3035850.0
2021-4-22 0:00,20.36,8.199,8.813,2.998,0.025,0.0737,1.577,462.017,59.647,0.0065,2947880.0
2021-4-22 4:00,20.23,8.224,8.674,3.198,0.025,0.0669,1.509,448.912,51.261,0.01091,2895700.0
2021-4-22 8:00,20.05,8.161,8.677,2.937,0.025,0.0543,1.663,429.517,46.393,0.01008,2791380.0
2021-4-22 12:00,20.36,8.237,8.944,2.607,0.025,0.0438,1.663,415.96,32.825,0.00511,3322620.0
2021-4-22 16:00,20.56,8.374,9.391,2.846,0.025,0.005,1.475,428.28,32.694,0.0182,3706810.0
2021-4-22 20:00,20.51,8.365,9.263,2.846,0.025,0.0348,1.501,432.259,33.614,0.0013,3001060.0
2021-4-23 0:00,20.36,8.3,9.036,2.846,0.025,0.034,1.45,431.87,27.673,,2695580.0
2021-4-23 4:00,20.19,8.155,8.504,2.454,0.025,0.0326,1.415,432.053,25.431,,2303770.0
2021-4-23 8:00,20.19,8.15,8.507,2.85,0.025,0.0371,1.633,433.986,33.009,,2805840.0
2021-4-23 12:00,20.88,8.224,8.848,2.546,0.025,0.0361,1.496,432.251,26.27,7e-05,2987260.0
2021-4-23 16:00,21.48,8.335,9.427,2.665,0.025,0.0341,1.584,430.495,23.717,0.00575,3541290.0
2021-4-23 20:00,21.25,8.298,9.264,2.716,0.025,0.0323,1.46,429.371,24.147,0.0046,2738200.0
2021-4-24 0:00,20.71,8.172,8.604,2.716,0.025,0.0351,1.462,431.28,29.779,,2512860.0
2021-4-24 4:00,20.54,8.15,8.519,2.577,0.025,0.036,1.529,433.894,29.994,,2501530.0
2021-4-24 8:00,20.49,8.143,8.472,2.673,0.025,0.0341,1.593,434.149,29.042,,2536930.0
2021-4-24 12:00,21.25,8.189,8.806,2.505,0.025,0.0369,1.518,432.751,23.834,0.00057,3085410.0
2021-4-24 16:00,21.5,8.21,8.885,2.535,0.025,0.0318,1.508,431.992,21.637,,2408840.0
2021-4-24 20:00,21.26,8.202,8.798,2.371,0.025,0.0295,1.468,429.655,24.227,,2220320.0
2021-4-25 0:00,21.2,8.186,8.684,2.371,0.025,0.0334,1.442,428.592,22.755,0.00124,2082090.0
2021-4-25 4:00,21.06,8.15,8.568,2.464,0.025,0.0316,1.374,430.664,20.056,0.00203,2329250.0
2021-4-25 8:00,20.97,8.137,8.52,2.497,0.025,0.0331,1.132,435.75,19.879,,1980680.0
2021-4-25 12:00,21.94,8.246,9.004,2.381,0.025,0.031,1.383,435.143,11.903,0.00452,2712910.0
2021-4-25 16:00,22.12,8.331,9.387,2.523,0.025,0.0285,1.216,450.489,10.423,0.0058,4308880.0
2021-4-25 20:00,21.93,8.325,9.208,2.42,0.025,0.0284,1.174,447.936,9.668,0.00726,3285800.0
2021-4-26 0:00,21.6,8.241,8.994,2.42,0.025,0.0272,1.169,438.942,9.41,0.00533,3563540.0
2021-4-26 4:00,21.42,8.25,8.933,2.614,0.025,0.0293,1.303,468.043,11.968,0.00496,5629220.0
2021-4-26 8:00,21.31,8.34,9.186,3.043,0.025,0.0328,1.34,486.756,11.595,0.00316,5818070.0
2021-4-26 12:00,22.12,8.526,10.152,3.245,0.025,0.0393,1.667,489.449,19.14,0.00561,9637290.0
2021-4-26 16:00,22.73,8.62,10.618,3.236,0.025,0.0337,1.295,500.043,11.45,0.00536,5164850.0
2021-4-26 20:00,22.47,8.572,10.079,3.219,0.025,0.0393,2.148,496.621,25.109,0.00484,4391700.0
2021-4-27 0:00,22.28,8.5,9.42,2.832,0.025,0.0374,1.738,492.762,21.692,0.00399,3912950.0
2021-4-27 4:00,22.07,8.426,9.002,2.675,0.025,0.0295,1.32,499.849,10.311,0.00332,4197640.0
2021-4-27 8:00,21.95,8.372,8.787,2.728,0.025,0.0259,1.471,496.311,9.649,0.00274,4096030.0
2021-4-27 12:00,21.95,8.419,8.995,2.683,0.025,0.0259,1.379,500.861,7.485,0.00361,2939440.0
2021-4-27 16:00,21.94,8.423,8.981,5.546,0.025,0.0244,1.424,500.317,8.917,0.00323,3067390.0
2021-4-27 20:00,21.93,8.377,8.771,,0.025,0.024,1.425,500.246,6.12,0.0036,3543180.0
2021-4-28 0:00,21.91,8.314,8.549,,0.025,0.024,1.379,494.164,5.972,0.00329,4153770.0
2021-4-28 4:00,21.58,8.321,8.522,,0.025,0.0239,1.467,500.516,7.733,0.00279,2896950.0
2021-4-28 8:00,21.58,8.35,8.66,,0.025,0.0286,1.515,499.555,10.785,0.00284,3025470.0
2021-4-28 12:00,22.98,8.45,9.402,2.476,0.025,0.0254,1.38,501.062,6.402,0.00354,5928040.0
2021-4-28 16:00,23.9,8.562,9.753,2.541,0.025,0.0257,1.435,499.9,7.45,0.00389,2970080.0
2021-4-28 20:00,22.93,8.51,9.684,2.636,0.025,0.0272,1.39,500.565,6.892,0.00367,6484700.0
2021-4-29 0:00,22.29,8.366,9.051,2.703,0.025,0.0272,1.437,500.959,8.694,0.00315,5082670.0
2021-4-29 4:00,21.95,8.245,8.656,2.64,0.025,0.0264,1.449,501.891,14.437,0.00288,3917690.0
2021-4-29 8:00,21.94,8.367,8.821,2.555,0.025,0.0308,1.247,498.767,16.787,0.0026,3288440.0
2021-4-29 12:00,22.83,8.435,9.245,2.959,0.025,0.0326,1.936,497.698,19.104,0.00332,4863330.0
2021-4-29 20:00,23.22,8.351,8.933,2.75,0.025,0.0325,1.506,459.874,18.556,0.00436,3076890.0
2021-4-30 0:00,22.95,8.296,8.646,2.75,0.025,0.0286,1.503,451.169,12.098,0.00357,2445610.0
2021-4-30 4:00,22.73,8.223,8.376,2.382,0.025,0.0287,1.375,435.916,12.452,0.0039,2657440.0
2021-4-30 8:00,22.94,8.245,8.496,2.011,0.025,0.0274,1.042,431.537,10.264,0.00266,2353680.0
2021-4-30 12:00,23.67,8.324,8.952,2.473,0.025,0.0267,1.432,428.878,12.376,0.00329,4457550.0
2021-4-30 16:00,24.7,8.408,9.284,2.46,0.025,0.0262,1.399,429.945,12.81,0.00404,4317500.0
2021-4-30 20:00,24.45,8.372,9.145,2.761,0.025,0.0261,1.408,425.77,13.346,0.00468,4299360.0
2021-5-1 0:00,24.03,8.213,8.376,2.761,0.025,0.0396,1.447,424.392,29.409,0.00498,3705670.0
2021-5-1 4:00,23.71,8.198,8.217,2.692,0.025,0.0272,1.413,425.884,15.325,0.00377,2901700.0
2021-5-1 8:00,23.57,8.189,8.14,2.603,0.025,0.0384,1.47,425.664,26.802,0.00381,4233200.0
2021-5-1 12:00,24.18,8.32,8.679,3.085,0.025,0.0401,1.486,428.139,30.732,0.00424,5355720.0
2021-5-1 16:00,25.24,8.45,9.369,2.562,0.025,0.0354,1.455,427.656,26.64,0.00507,9345360.0
2021-5-1 20:00,24.68,8.419,9.079,3.107,0.025,0.0319,1.444,427.353,21.525,0.0048,4999910.0
2021-5-2 0:00,23.98,8.3,8.471,3.107,0.025,0.032,1.557,428.167,23.858,0.0038,3928790.0
2021-5-2 4:00,23.63,8.241,8.212,2.625,0.025,0.0306,1.384,437.945,18.346,0.00381,2781050.0
2021-5-2 8:00,23.19,8.236,8.238,2.861,0.025,0.0603,1.686,481.773,42.054,0.0042,3120530.0
2021-5-2 12:00,23.64,8.276,8.443,2.718,0.025,0.0434,1.48,467.106,28.487,0.00444,4013450.0
2021-5-2 16:00,24.01,8.302,8.652,2.616,0.025,0.0362,1.438,430.398,27.944,0.00427,3933260.0
2021-5-2 20:00,23.64,8.302,8.469,3.162,0.025,0.0577,1.576,431.437,54.408,0.00384,4895120.0
2021-5-3 0:00,22.74,8.298,8.372,3.162,0.025,0.0632,1.54,432.699,65.771,0.00393,4942080.0
2021-5-3 4:00,22.12,8.235,8.292,3.476,0.025,0.0809,1.547,429.368,77.961,0.00428,5548650.0
2021-5-3 8:00,21.93,8.175,8.232,3.334,0.025,0.0863,1.53,425.343,82.043,0.00404,3804360.0
2021-5-3 12:00,22.35,8.228,8.519,3.46,0.025,0.072,1.833,429.907,71.016,0.00406,6444840.0
2021-5-3 16:00,23.13,8.268,8.665,3.511,0.025,0.0624,1.971,427.382,55.736,0.00481,5749530.0
2021-5-3 20:00,23.05,8.272,8.505,3.888,0.025,0.0781,1.753,432.779,76.761,0.00471,6197500.0
2021-5-4 0:00,22.96,8.256,8.308,3.888,0.025,0.0619,1.673,434.643,67.156,0.00434,8189460.0
2021-5-4 4:00,22.74,8.266,8.271,3.821,0.025,0.0781,1.811,430.41,86.221,0.00425,8086290.0
2021-5-4 8:00,22.65,8.257,8.227,3.452,0.025,0.0547,1.777,431.216,61.052,0.00362,6147480.0
2021-5-4 12:00,22.82,8.237,8.265,3.712,0.025,0.1021,1.69,433.317,93.387,0.00455,6644830.0
2021-5-4 16:00,22.72,8.159,8.149,3.854,0.025,0.1032,1.702,481.155,102.911,0.00613,4708160.0
2021-5-4 20:00,22.56,8.208,8.155,3.897,0.025,0.1091,1.474,429.303,108.864,0.0052,5629160.0
2021-5-5 0:00,22.03,8.222,8.172,3.414,0.025,0.0717,1.6,429.213,76.669,0.00477,8457070.0
2021-5-5 4:00,21.93,8.194,8.027,3.016,0.025,0.0553,1.498,427.703,56.165,0.00431,7090120.0
2021-5-5 8:00,21.94,8.257,8.329,2.859,0.025,0.0476,1.663,427.211,62.922,0.00414,13800000.0
2021-5-5 12:00,25.26,8.626,9.752,2.478,0.025,0.038,1.663,432.564,53.674,0.00409,6327290.0
2021-5-5 16:00,26.37,8.734,10.417,2.695,0.025,0.043,1.428,429.679,40.387,0.00485,5287560.0
2021-5-5 20:00,23.07,8.371,8.466,2.823,0.025,0.0372,1.602,430.487,42.253,0.00355,6468880.0
2021-5-6 0:00,22.47,8.324,8.223,2.823,0.025,0.0799,1.533,426.828,82.306,0.0044,5503140.0
2021-5-6 4:00,22.12,8.31,8.133,3.411,0.025,0.0802,1.552,423.605,83.784,0.0046,5925090.0
2021-5-6 8:00,21.76,8.272,8.08,3.573,0.025,0.08,1.691,418.241,93.872,0.00466,7078360.0
2021-5-6 12:00,21.93,8.299,8.254,3.296,0.025,0.0738,1.511,422.447,73.646,0.0046,7696850.0
2021-5-6 16:00,22.21,8.347,8.429,3.095,0.025,0.055,1.671,425.154,60.635,0.00478,7967430.0
2021-5-6 20:00,22.1,8.334,8.352,3.039,0.025,0.0547,1.621,426.33,66.743,0.0046,9043340.0
2021-5-7 0:00,21.96,8.296,8.209,3.039,0.025,0.0424,1.621,426.129,43.025,0.00352,6028870.0
2021-5-7 4:00,21.93,8.279,8.098,4.039,0.025,0.0442,1.647,428.304,47.737,0.00418,8090520.0
2021-5-7 8:00,22.03,8.347,8.412,2.953,0.025,0.0431,1.513,427.633,53.479,0.0038,10600000.0
2021-5-7 12:00,23.32,8.56,9.501,3.124,0.025,0.044,1.578,429.19,44.725,0.00381,8311800.0
2021-5-7 16:00,24.41,8.654,10.142,2.726,0.025,0.0361,1.37,426.623,45.868,0.00473,16000000.0
2021-5-7 20:00,24.36,8.774,10.711,2.566,0.025,0.0312,1.33,430.709,19.427,0.004,4935680.0
2021-5-8 0:00,23.29,8.517,9.001,2.566,0.025,0.067,1.654,424.844,78.832,0.0047,10800000.0
2021-5-8 4:00,22.83,8.441,8.61,3.655,0.025,0.0626,1.488,419.231,69.406,0.00459,9357520.0
2021-5-8 8:00,22.74,8.419,8.53,3.812,0.025,0.0392,1.476,417.968,49.367,0.00321,9870920.0
2021-5-8 12:00,24.36,8.747,10.707,2.403,0.025,0.0346,1.248,413.485,79.378,0.00473,50100000.0
2021-5-8 16:00,26.95,8.957,11.893,2.618,0.025,0.0286,1.415,413.889,31.208,0.00481,4882250.0
2021-5-8 20:00,26.42,8.993,12.058,2.821,0.025,0.0292,1.341,419.671,28.857,0.00568,4679590.0
2021-5-9 0:00,25.52,8.913,11.308,2.821,0.029,0.0263,0.842,422.679,41.305,0.00496,7476520.0
2021-5-9 4:00,25.07,8.822,10.54,2.375,0.0254,0.0295,1.324,430.465,34.693,0.00529,11600000.0
2021-5-9 8:00,25.25,8.893,10.973,2.305,0.025,0.0282,1.298,428.66,34.782,0.00562,8808130.0
2021-5-9 12:00,28.76,8.864,11.744,2.379,0.025,0.0281,1.325,459.65,46.594,0.00225,3842830.0
2021-5-9 16:00,29.48,8.919,12.729,2.51,0.025,0.0345,1.275,455.054,19.96,0.00455,4008590.0
2021-5-9 20:00,26.93,8.892,11.808,2.6,0.025,0.0281,1.347,462.633,25.884,0.00447,4191080.0
2021-5-10 0:00,25.07,8.6,9.273,2.6,0.025,0.0281,1.347,468.217,31.563,0.00423,4124500.0
2021-5-10 4:00,24.99,8.598,8.994,2.885,0.025,0.0391,1.387,456.528,37.796,0.00416,5963520.0
2021-5-10 8:00,25.01,8.597,8.919,2.73,0.025,0.0378,1.316,449.238,30.883,0.00404,6164220.0
2021-5-10 12:00,27.53,8.71,9.627,2.609,0.025,0.0328,1.314,444.505,20.855,0.00352,9814800.0
2021-5-10 16:00,29.28,8.719,10.047,2.666,0.025,0.0275,1.769,443.469,18.543,0.00262,2436850.0
2021-5-10 20:00,29.47,8.737,10.066,2.065,0.025,0.0252,1.25,445.31,20.965,0.00276,6374270.0
2021-5-11 0:00,26.35,8.596,8.705,2.065,0.025,0.0363,1.228,446.506,27.779,0.00411,5705650.0
2021-5-11 4:00,26.43,8.479,8.128,3.315,0.025,0.0702,1.324,448.906,66.227,0.00424,8442260.0
2021-5-11 8:00,26.03,8.455,8.091,2.753,0.025,0.0472,1.252,448.993,51.773,0.00348,6321660.0
2021-5-11 12:00,26.21,8.465,8.2,3.491,0.025,0.0489,1.382,453.193,44.222,0.00373,7266950.0
2021-5-11 16:00,26.43,8.494,8.345,3.238,0.025,0.0473,1.311,453.996,42.627,0.00404,10100000.0
2021-5-11 20:00,26.09,8.459,8.184,2.816,0.025,0.0408,1.27,455.966,32.667,0.00373,4777250.0
2021-5-12 0:00,25.91,8.407,7.953,2.485,0.0288,0.0334,1.208,456.094,26.295,0.00319,5408360.0
2021-5-12 4:00,25.74,8.358,7.804,2.854,0.0318,0.0405,1.336,455.726,38.417,0.0028,10400000.0
2021-5-12 8:00,25.6,8.333,7.725,2.983,0.0299,0.0389,1.201,456.675,44.331,0.00253,9433400.0
2021-5-12 12:00,25.53,8.343,7.929,3.157,0.0313,0.0442,1.258,458.54,42.702,0.00278,10100000.0
2021-5-12 16:00,25.52,8.397,8.218,3.375,0.025,0.0489,1.42,457.627,38.644,0.00289,10100000.0
2021-5-12 20:00,25.44,8.364,8.077,3.065,0.0313,0.0449,1.137,458.759,41.815,0.00266,12500000.0
2021-5-13 0:00,25.33,8.326,7.898,3.048,0.0293,0.0355,1.291,458.217,27.568,0.00233,7110460.0
2021-5-13 4:00,25.07,8.302,7.886,2.993,0.0284,0.0315,1.306,457.155,27.824,0.00253,10200000.0
2021-5-13 8:00,24.87,8.345,8.028,3.132,0.025,0.0323,1.333,460.154,41.404,0.00247,13000000.0
2021-5-13 12:00,24.72,8.382,8.457,3.099,0.025,0.0374,1.379,465.965,28.701,0.00229,14400000.0
2021-5-13 16:00,24.82,8.48,9.097,3.31,0.025,0.0359,1.492,471.855,26.02,0.00257,12900000.0
2021-5-13 20:00,24.72,8.448,8.892,2.987,0.025,0.0368,1.399,477.791,22.937,0.00229,10600000.0
2021-5-14 0:00,24.7,8.403,8.59,2.987,0.025,0.0368,1.399,477.084,49.279,0.00251,12000000.0
2021-5-14 4:00,24.7,8.386,8.374,3.351,0.025,0.0526,1.654,472.411,47.798,0.00273,14900000.0
2021-5-14 8:00,24.7,8.394,8.37,3.064,0.025,0.0531,1.35,469.094,47.476,0.0024,13000000.0
2021-5-14 12:00,24.99,8.491,8.791,3.852,0.025,0.0602,1.683,459.265,62.426,0.0027,15200000.0
2021-5-14 16:00,26.75,8.881,11.505,2.864,0.025,0.0336,1.06,472.357,83.27,0.00322,36600000.0
2021-5-14 20:00,25.87,8.634,9.579,3.016,0.025,0.0429,1.29,473.557,41.113,0.00242,16100000.0
2021-5-15 0:00,25.73,8.533,8.944,3.185,0.025,0.0428,1.22,476.581,42.994,0.00197,18200000.0
2021-5-15 4:00,25.61,8.48,8.649,3.25,0.025,0.0487,1.215,476.368,30.377,0.0021,14500000.0
2021-5-15 8:00,25.82,8.464,8.707,3.178,0.025,0.0403,1.263,483.766,36.021,0.00191,13600000.0
2021-5-15 16:00,27.46,8.633,9.65,3.003,0.025,0.0294,1.223,471.352,38.146,0.0024,15700000.0
2021-5-15 20:00,27.27,8.546,8.981,2.358,0.025,0.0278,1.104,470.797,21.39,0.00224,5516870.0
2021-5-16 0:00,27.12,8.468,8.604,3.052,0.025,0.0304,1.135,469.974,33.211,0.00235,12100000.0
2021-5-16 4:00,26.97,8.448,8.417,2.657,0.025,0.028,1.248,470.474,24.605,0.00197,6199680.0
2021-5-16 8:00,26.81,8.394,8.22,3.223,0.025,0.0502,1.363,466.51,56.442,0.00278,8585580.0
2021-5-16 12:00,27.16,8.441,8.359,2.911,0.025,0.0466,1.343,466.204,50.651,0.00273,7897110.0
2021-5-16 16:00,26.94,8.429,8.149,4.084,0.025,0.1021,1.245,476.214,118.483,0.00449,9449360.0
2021-5-16 20:00,26.43,8.367,7.917,3.837,0.025,0.1024,1.306,467.953,112.197,0.00452,8681870.0
2021-5-17 0:00,25.74,8.292,7.821,3.837,0.025,0.0955,1.253,457.212,114.982,0.00445,7702170.0
2021-5-17 4:00,25.17,8.329,7.846,3.627,0.025,0.0946,1.225,466.215,102.798,0.00404,8672730.0
2021-5-17 8:00,24.72,8.244,7.869,3.4,0.025,0.083,1.462,454.16,100.751,0.00403,8215320.0
2021-5-17 12:00,25.33,8.306,8.258,2.77,0.025,0.0677,1.238,453.524,92.784,0.00462,9873430.0
2021-5-17 16:00,25.98,8.413,8.689,3.652,0.025,0.055,1.454,454.843,78.213,0.00448,12100000.0
2021-5-17 20:00,25.58,8.347,8.378,3.496,0.025,0.0603,1.406,453.943,82.325,0.00472,9883490.0
2021-5-18 0:00,25.25,8.313,8.179,2.884,0.025,0.055,1.302,453.788,73.291,0.00422,7541160.0
2021-5-18 4:00,25.01,8.277,8.046,2.845,0.025,0.0471,1.335,454.167,61.943,0.0037,6714240.0
2021-5-18 8:00,24.89,8.296,8.027,2.402,0.025,0.041,1.338,453.882,56.025,0.00329,4039970.0
2021-5-18 12:00,25.72,8.639,8.933,2.283,0.025,0.0404,1.262,452.565,43.431,0.00349,5617160.0
2021-5-18 16:00,26.81,8.819,9.89,2.283,0.025,0.0361,1.265,451.899,41.962,0.00312,4821480.0
2021-5-21 8:00,22.82,8.345,8.484,3.192,0.025,0.0532,1.337,453.326,58.495,,11400000.0
2021-5-21 12:00,23.66,8.399,8.894,3.122,0.025,0.0534,1.317,452.788,56.352,,13200000.0
2021-5-21 16:00,24.36,8.532,9.467,3.113,0.025,0.0474,1.323,454.266,49.178,0.0033,8348400.0
2021-5-21 20:00,24.01,8.565,9.382,3.049,0.025,0.0499,1.262,453.899,54.526,0.00163,8761020.0
2021-5-22 0:00,23.83,8.49,8.974,3.049,0.025,0.066,1.274,457.35,73.919,,8310060.0
2021-5-22 4:00,23.67,8.555,8.998,3.317,0.025,0.05,1.247,461.768,57.2,0.0015,10200000.0
2021-5-22 8:00,23.66,8.575,9.022,3.633,0.025,0.056,1.119,474.406,56.059,0.00337,14400000.0
2021-5-22 12:00,24.36,8.589,9.443,3.706,0.025,0.0528,1.223,480.601,58.078,0.00206,13200000.0
2021-5-22 16:00,25.07,8.682,9.873,3.376,0.025,0.0569,1.063,482.204,54.134,,13000000.0
2021-5-22 20:00,24.8,8.752,9.728,3.782,0.025,0.0649,1.123,484.808,73.708,0.0039,13900000.0
2021-5-23 0:00,24.36,8.792,9.122,3.782,0.025,0.0716,0.823,490.041,80.744,0.00199,9178500.0
2021-5-23 4:00,24.08,8.785,8.678,4.124,0.025,0.0789,0.952,487.942,86.243,0.00607,11700000.0
2021-5-23 8:00,23.85,8.653,8.315,3.968,0.025,0.073,0.989,485.666,79.577,0.0025,11100000.0
2021-5-23 12:00,23.84,8.886,8.537,4.617,0.025,0.0737,0.962,485.437,75.8,0.00225,12700000.0
2021-5-23 16:00,23.84,8.711,9.026,3.611,0.025,0.0605,1.115,489.44,51.714,0.00373,11400000.0
2021-5-23 20:00,23.74,8.613,8.713,3.782,0.025,0.0496,0.833,488.856,54.218,0.00521,11800000.0
2021-5-24 0:00,23.64,8.635,8.616,3.782,0.025,0.0434,1.017,490.092,40.218,,9658440.0
2021-5-24 4:00,23.39,8.56,8.45,3.288,0.025,0.0538,0.834,487.462,49.553,0.00223,7894790.0
2021-5-24 8:00,23.64,8.909,8.962,2.539,0.025,0.0332,0.604,488.647,27.277,0.00238,34100000.0
2021-5-24 12:00,25.91,9.147,11.806,2.539,0.025,0.0313,0.609,483.533,38.816,,17100000.0
2021-5-24 16:00,27.43,9.004,10.359,2.202,0.025,0.0301,0.564,473.643,19.825,0.00225,2444930.0
2021-5-24 20:00,26.44,9.074,10.508,2.439,0.025,0.0297,0.661,469.86,64.893,0.00231,8132000.0
2021-5-25 0:00,24.89,8.896,8.521,4.324,0.025,0.0384,1.171,480.812,41.973,0.00249,19900000.0
2021-5-25 4:00,24.7,8.835,8.047,4.377,0.025,0.0455,0.862,482.332,50.678,0.00304,18200000.0
2021-5-25 12:00,25.9,8.988,9.656,2.827,0.025,0.0268,0.799,480.061,29.166,0.00209,9288220.0
2021-5-25 16:00,27.87,9.16,10.58,2.424,0.025,0.0246,0.676,476.188,25.439,0.00303,9077790.0
2021-5-25 20:00,27.34,9.193,11.209,3.071,0.025,0.0307,0.679,470.656,18.089,0.0024,2430170.0
2021-5-26 0:00,25.19,8.874,8.46,3.252,0.025,0.03,0.663,480.77,29.763,0.00255,7770150.0
2021-5-26 4:00,24.99,8.816,8.074,3.213,0.025,0.0392,0.657,480.369,34.563,0.00275,8006500.0
2021-5-26 8:00,24.76,8.766,7.65,4.303,0.025,0.0761,0.991,482.603,87.335,0.00327,11300000.0
2021-5-26 12:00,24.67,8.77,7.645,4.66,0.025,0.0622,0.898,479.653,70.3,0.00304,13100000.0
2021-5-26 16:00,24.53,8.744,7.673,4.338,0.025,0.0598,1.069,468.59,62.371,0.00276,15600000.0
2021-5-26 20:00,24.36,8.731,7.54,3.961,0.025,0.0432,0.92,469.281,49.221,0.0024,15000000.0
2021-5-27 0:00,24.34,8.661,7.256,3.961,0.025,0.0545,0.878,469.767,65.111,0.00265,18500000.0
2021-5-27 4:00,24.18,8.613,7.132,4.668,0.025,0.0612,0.937,472.844,66.388,0.00295,22700000.0
2021-5-27 8:00,24.1,8.623,7.384,3.702,0.025,0.0508,1.179,478.014,57.485,0.00259,12500000.0
2021-5-27 12:00,25.43,8.928,9.513,2.708,0.025,0.0425,0.747,474.74,45.857,0.00304,15100000.0
